Variable,NJ,PA,t
1. Distribution of store types (%),,,
Burger King,41.09,44.3,-0.52
KFC,20.54,15.19,1.16
Roy Rogers,24.77,21.52,0.62
Wendy's,13.6,18.99,-1.12
Company-owned,34.14,35.44,-0.22
2. Means in wave 1 (Feb-Mar 1992),,,
FTE employment,20.44,23.33,-2.0
% full-time employees,32.85,35.04,-0.72
Starting wage,4.61,4.63,-0.4
% wage = $4.25,30.51,32.91,-0.41
Price of full meal,3.35,3.04,3.96
Hours open (weekday),14.42,14.53,-0.29
Recruiting bonus %,23.56,29.11,-0.98
3. Means in wave 2 (Nov-Dec 1992),,,
FTE employment,21.03,21.17,-0.13
% full-time employees,35.87,30.38,1.75
Starting wage,5.08,4.62,10.82
% wage = $4.25,0.0,25.32,-5.14
% wage = $5.05,85.5,1.27,36.38
Price of full meal,3.41,3.03,5.08
Hours open (weekday),14.42,14.65,-0.65
Recruiting bonus %,20.32,23.38,-0.57
